id,first_name,last_name,email,gender,ip_address
1,Aubrey,Airth,aairth0@free.fr,Male,58004 CEDEX
2,Georgy,Sproat,gsproat1@amazon.com,Male,660017
3,Vivien,Anscott,vanscott2@hugedomains.com,Female,
4,Lauryn,Strippel,lstrippel3@w3.org,Female,
5,Bartolomeo,Kilmartin,bkilmartin4@blogger.com,Male,
6,Catarina,Bartocci,cbartocci5@cafepress.com,Female,
7,Colan,Zanioletti,czanioletti6@godaddy.com,Male,14240-000
8,Sutherland,Claye,sclaye7@privacy.gov.au,Male,
9,Karolina,Fetter,kfetter8@apache.org,Female,
10,Gianina,Waldocke,gwaldocke9@theatlantic.com,Female,
11,Tore,Moncaster,tmoncastera@jimdo.com,Male,67024 CEDEX 1
12,Corena,Jarvie,cjarvieb@squidoo.com,Non-binary,D6W
13,Wanids,Fossett,wfossettc@is.gd,Female,754-0897
14,Merna,Hefner,mhefnerd@gmpg.org,Female,
15,Charis,Dauber,cdaubere@netscape.com,Female,590 14
16,Caz,Maud,cmaudf@nba.com,Male,6415
17,Gerhardt,Bettley,gbettleyg@rediff.com,Male,6311
18,Jarvis,Tabbernor,jtabbernorh@4shared.com,Male,
19,Ailis,Larkings,alarkingsi@usnews.com,Female,T4C
20,Mara,Cuerdale,mcuerdalej@noaa.gov,Female,6005
21,Berti,Booi,bbooik@fda.gov,Female,371 79
22,Brendis,Skace,bskacel@sitemeter.com,Male,97700-000
23,Clark,Parlett,cparlettm@vimeo.com,Male,4610
24,Loni,Brian,lbriann@mlb.com,Female,
25,Bone,Baroux,bbarouxo@sogou.com,Male,8453
26,Bondy,Delete,bdeletep@blinklist.com,Male,
27,Giovanna,Gant,ggantq@cisco.com,Female,761-4146
28,Niccolo,Seeks,nseeksr@twitpic.com,Male,
29,Alvera,Laffin,alaffins@berkeley.edu,Female,
30,Krispin,Hickisson,khickissont@vk.com,Male,
31,Virginie,Banaszewski,vbanaszewskiu@merriam-webster.com,Female,397440
32,Gaile,Chetwynd,gchetwyndv@washington.edu,Male,
33,Heath,Orgee,horgeew@sina.com.cn,Polygender,
34,Hugh,Wabey,hwabeyx@google.co.uk,Male,302 50
35,Corey,Pentecust,cpentecusty@google.it,Male,
36,Nels,Dudding,nduddingz@merriam-webster.com,Male,95780-000
37,Corry,Cushworth,ccushworth10@myspace.com,Female,7033
38,Tracie,Vaggers,tvaggers11@studiopress.com,Male,
39,Roze,Burtonwood,rburtonwood12@mysql.com,Female,5021
40,Del,Rubery,drubery13@mozilla.org,Female,
41,Cilka,Malbon,cmalbon14@oaic.gov.au,Female,43605
42,Felicia,Childrens,fchildrens15@mlb.com,Bigender,4745-235
43,Aile,Doge,adoge16@webnode.com,Female,
44,Erinn,Girardot,egirardot17@google.cn,Female,
45,Siegfried,Wear,swear18@twitpic.com,Male,11550
46,Maryjane,Ricioppo,mricioppo19@goodreads.com,Agender,44200
47,Ingrim,Jakeway,ijakeway1a@time.com,Male,4506
48,Abby,Lucius,alucius1b@trellian.com,Female,4785-103
49,Elwood,Epelett,eepelett1c@rakuten.co.jp,Male,11210
50,Gwyneth,Espina,gespina1d@omniture.com,Female,33001
51,Nicolas,Clopton,nclopton1e@feedburner.com,Male,403060
52,Madonna,Towell,mtowell1f@technorati.com,Female,
53,Zollie,Earlam,zearlam1g@yale.edu,Male,10512
54,Bonnibelle,Lorenzetto,blorenzetto1h@zdnet.com,Female,
55,Gan,McNutt,gmcnutt1i@cornell.edu,Male,
56,Joseph,Domeny,jdomeny1j@youtube.com,Agender,
57,Jere,St. John,jstjohn1k@last.fm,Male,641330
58,Hilary,Ong,hong1l@sphinn.com,Bigender,396564
59,Basia,Vedeniktov,bvedeniktov1m@t-online.de,Female,1239
60,Justino,Ellery,jellery1n@nydailynews.com,Male,427011
61,Olivier,Karpychev,okarpychev1o@aboutads.info,Genderqueer,
62,Stinky,Cardenoso,scardenoso1p@miibeian.gov.cn,Male,
63,Malchy,Brahm,mbrahm1q@economist.com,Male,
64,Noell,Petren,npetren1r@apache.org,Genderfluid,74-400
65,Dominica,Marian,dmarian1s@dailymotion.com,Female,
66,Jed,Genever,jgenever1t@jigsy.com,Genderfluid,
67,Dunstan,Skene,dskene1u@youku.com,Male,60006 CEDEX
68,Mariam,Gantlett,mgantlett1v@freewebs.com,Female,391 65
69,Joshia,Louedey,jlouedey1w@google.nl,Male,
70,Egbert,Pietron,epietron1x@ask.com,Male,
71,Akim,Richfield,arichfield1y@sohu.com,Male,H9X
72,Nehemiah,Halcro,nhalcro1z@blogtalkradio.com,Male,4455-794
73,Lauri,Arnoult,larnoult20@odnoklassniki.ru,Female,
74,Sibyl,Ludlam,sludlam21@nbcnews.com,Female,
75,Alistair,Wellbeloved,awellbeloved22@indiegogo.com,Male,
76,Whitman,Penas,wpenas23@shop-pro.jp,Male,
77,Will,Campelli,wcampelli24@dropbox.com,Polygender,
78,Lizzie,Wisher,lwisher25@hc360.com,Female,
79,Farly,Scotchmoor,fscotchmoor26@geocities.jp,Male,9225
80,Kassey,Morison,kmorison27@imageshack.us,Female,
81,Karlen,Eaton,keaton28@constantcontact.com,Female,
82,Jeffie,Fallows,jfallows29@freewebs.com,Male,366101
83,Lucas,Burtwhistle,lburtwhistle2a@state.gov,Male,45630-000
84,Jacklin,Avrahamy,javrahamy2b@guardian.co.uk,Female,
85,Joel,Muffen,jmuffen2c@google.fr,Male,2252
86,Chery,Cottesford,ccottesford2d@meetup.com,Female,6606
87,Abbey,Waggett,awaggett2e@weibo.com,Male,34-145
88,Philbert,Schoffel,pschoffel2f@mediafire.com,Male,2640-394
89,Nickolas,Mountjoy,nmountjoy2g@redcross.org,Male,
90,Annabella,Getley,agetley2h@altervista.org,Female,433310
91,Jeanne,Guillart,jguillart2i@ucla.edu,Female,3165
92,Broddie,Bayman,bbayman2j@homestead.com,Male,
93,Eula,Fancett,efancett2k@sbwire.com,Female,
94,Ettore,Martygin,emartygin2l@pbs.org,Male,
95,Fifi,Eaden,feaden2m@biglobe.ne.jp,Female,
96,Uri,Gerson,ugerson2n@nps.gov,Male,67-120
97,Marve,Sturridge,msturridge2o@w3.org,Male,
98,Nanette,Cornejo,ncornejo2p@vkontakte.ru,Female,
99,Herta,Bridge,hbridge2q@topsy.com,Female,2714
100,Noby,Kment,nkment2r@japanpost.jp,Male,
101,Blair,Newcomb,bnewcomb2s@uiuc.edu,Male,
102,Vidovik,MacKee,vmackee2t@mtv.com,Male,
103,Gradeigh,Lydden,glydden2u@liveinternet.ru,Male,98000
104,Keane,Setchell,ksetchell2v@unblog.fr,Male,
105,Piggy,Ivoshin,pivoshin2w@rambler.ru,Male,26-510
106,Cristin,Braitling,cbraitling2x@comcast.net,Female,22215
107,Holly,Shotter,hshotter2y@scribd.com,Male,28805
108,Ody,MacCome,omaccome2z@skyrock.com,Male,
109,Ida,Dowding,idowding30@amazon.co.jp,Female,L-9184
110,Jo-ann,Cumberland,jcumberland31@blinklist.com,Non-binary,54300
111,Malinde,Swanton,mswanton32@flavors.me,Female,3505
112,Ashby,Aizikov,aaizikov33@usnews.com,Male,311-2424
113,Ibrahim,Clohessy,iclohessy34@soup.io,Male,
114,Linn,Amies,lamies35@hud.gov,Male,2140
115,Ami,Borthwick,aborthwick36@about.me,Female,
116,Nikita,Viles,nviles37@umn.edu,Male,
117,Page,Iddon,piddon38@google.it,Male,97374 CEDEX
118,Arleyne,Bodesson,abodesson39@sciencedaily.com,Female,63504 CEDEX
119,Caralie,Pyett,cpyett3a@telegraph.co.uk,Agender,
120,Grete,Gascar,ggascar3b@rambler.ru,Female,
121,Elke,Kornas,ekornas3c@google.co.uk,Genderfluid,B2V
122,Lea,Boreham,lboreham3d@reddit.com,Female,152014
123,Winifred,Whitticks,wwhitticks3e@bizjournals.com,Female,6834
124,Ynez,Matushenko,ymatushenko3f@npr.org,Female,
125,Isobel,Aleksic,ialeksic3g@360.cn,Female,417 61
126,Finley,Bentjens,fbentjens3h@deliciousdays.com,Male,3505-130
127,Shanie,Ferrarese,sferrarese3i@techcrunch.com,Female,412 86
128,Vittorio,Camilli,vcamilli3j@sohu.com,Male,
129,Rawley,Kosel,rkosel3k@g.co,Male,
130,Jae,Abyss,jabyss3l@ed.gov,Male,
131,Ardis,Flaonier,aflaonier3m@techcrunch.com,Female,
132,Saleem,Beazey,sbeazey3n@fema.gov,Male,8542
133,Piggy,McGrale,pmcgrale3o@wikipedia.org,Male,
134,Giorgia,Klehn,gklehn3p@wufoo.com,Female,
135,Ingar,McAllen,imcallen3q@weebly.com,Male,57404 CEDEX
136,Sascha,Sansun,ssansun3r@ft.com,Female,
137,Fulvia,Profit,fprofit3s@wisc.edu,Female,
138,Gilberta,Reid,greid3t@taobao.com,Female,
139,Kelvin,Handscomb,khandscomb3u@wikimedia.org,Male,
140,Philip,MacMorland,pmacmorland3v@berkeley.edu,Male,
141,Verine,Brood,vbrood3w@youtu.be,Female,
142,Sukey,Feldhammer,sfeldhammer3x@time.com,Female,
143,Marc,Augur,maugur3y@acquirethisname.com,Male,P31
144,Maryrose,Baddeley,mbaddeley3z@engadget.com,Female,32595
145,Osbourn,Restall,orestall40@salon.com,Male,
146,Ofilia,Follit,ofollit41@hp.com,Female,
147,Valli,Wein,vwein42@wired.com,Female,69281 CEDEX 01
148,Alyssa,Overnell,aovernell43@chron.com,Female,
149,Shea,Sibbald,ssibbald44@wsj.com,Male,
150,Halie,Whittek,hwhittek45@cbc.ca,Non-binary,373 41
151,Abie,Renish,arenish46@tmall.com,Male,73110
152,Anastassia,Garrish,agarrish47@google.fr,Female,20012
153,Vicki,Leppington,vleppington48@cisco.com,Female,399612
154,Perle,Bromley,pbromley49@ebay.com,Female,
155,Alecia,Hitchens,ahitchens4a@google.co.uk,Female,404264
156,Kizzie,Frankiewicz,kfrankiewicz4b@ox.ac.uk,Female,15170-000
157,Winny,Gwinnell,wgwinnell4c@mapy.cz,Male,
158,Hazel,Merriman,hmerriman4d@imageshack.us,Male,
159,Chelsae,McMorran,cmcmorran4e@globo.com,Female,
160,Forbes,Allanson,fallanson4f@hp.com,Male,
161,Dagny,Letteresse,dletteresse4g@un.org,Male,
162,Egor,Keslake,ekeslake4h@dmoz.org,Male,9674
163,Andrew,MacKellar,amackellar4i@xinhuanet.com,Male,46-053
164,Lilyan,McCrie,lmccrie4j@vimeo.com,Female,301113
165,Allyn,Howe,ahowe4k@photobucket.com,Male,98-273
166,Venus,Dukelow,vdukelow4l@opensource.org,Female,76550-000
167,Hester,Sirett,hsirett4m@etsy.com,Female,
168,Bernie,Watkins,bwatkins4n@google.ca,Male,232517
169,Vinita,O'Shaughnessy,voshaughnessy4o@friendfeed.com,Female,
170,Susy,Isselee,sisselee4p@hao123.com,Polygender,665321
171,Bastien,Wagon,bwagon4q@patch.com,Male,7071
172,Salvidor,Gottschalk,sgottschalk4r@princeton.edu,Male,69000-000
173,Arielle,Chetwind,achetwind4s@altervista.org,Female,
174,Wendell,Skynner,wskynner4t@feedburner.com,Male,76121
175,Brander,Showers,bshowers4u@google.com.au,Male,444018
176,Vale,Beauman,vbeauman4v@earthlink.net,Male,053428
177,Allix,Minthorpe,aminthorpe4w@scribd.com,Female,
178,Mallory,O'Corhane,mocorhane4x@usatoday.com,Female,36641
179,Neely,Lardge,nlardge4y@youtube.com,Female,658343
180,Miles,Bilverstone,mbilverstone4z@dagondesign.com,Male,62180
181,Hilarius,Onele,honele50@about.com,Male,P0T
182,Durant,Hansana,dhansana51@nba.com,Polygender,810009
183,Vernice,Furness,vfurness52@prnewswire.com,Female,97-410
184,Stavros,Miklem,smiklem53@prweb.com,Polygender,7104
185,Tildie,Fiddler,tfiddler54@hexun.com,Female,
186,Kirk,Dundredge,kdundredge55@slideshare.net,Male,
187,Harrison,Mulholland,hmulholland56@biglobe.ne.jp,Genderfluid,369160
188,Bethina,Soloway,bsoloway57@cafepress.com,Female,
189,Joleen,Olyunin,jolyunin58@imageshack.us,Polygender,11403
190,Tildi,Spread,tspread59@jigsy.com,Female,14058 CEDEX 4
191,Federico,Murfin,fmurfin5a@wikia.com,Male,61635
192,Jarred,Vlahos,jvlahos5b@lycos.com,Male,
193,Alfie,Shailer,ashailer5c@discovery.com,Male,
194,Delmore,McCarrell,dmccarrell5d@squarespace.com,Male,
195,Keene,Frankcomb,kfrankcomb5e@last.fm,Male,
196,Jeri,Grammer,jgrammer5f@businesswire.com,Female,65900-000
197,Caresse,Devita,cdevita5g@bbc.co.uk,Female,
198,Frazer,Houndsom,fhoundsom5h@xing.com,Male,
199,Paolo,Downie,pdownie5i@youtu.be,Male,
200,Amity,Hugues,ahugues5j@sbwire.com,Female,
201,Belia,Roath,broath5k@jugem.jp,Female,31110
202,Devin,Archbould,darchbould5l@virginia.edu,Female,4590-416
203,Kimball,Cleverley,kcleverley5m@constantcontact.com,Male,634069
204,Al,Wiley,awiley5n@cnet.com,Male,
205,Hill,Jentzsch,hjentzsch5o@webnode.com,Male,
206,Jeramey,Jesteco,jjesteco5p@odnoklassniki.ru,Male,
207,Orlan,Downer,odowner5q@google.pl,Male,
208,Bealle,Romme,bromme5r@msu.edu,Male,50401
209,Auguste,Spink,aspink5s@addtoany.com,Female,64-115
210,Archibold,Brosini,abrosini5t@amazon.co.jp,Male,
211,Georges,Culp,gculp5u@apache.org,Male,
212,Kaleena,Royson,kroyson5v@pbs.org,Female,
213,Broddy,Arend,barend5w@amazon.com,Male,
214,Corbett,Lerer,clerer5x@163.com,Male,58-588
215,Benny,Allender,ballender5y@studiopress.com,Male,95697 CEDEX
216,Denyse,Benning,dbenning5z@tinypic.com,Female,152070
217,Chris,Thyng,cthyng60@addtoany.com,Male,368219
218,Felice,Broxis,fbroxis61@weather.com,Female,
219,Dewain,Hornig,dhornig62@goo.gl,Male,4630-526
220,Tristam,Cumbers,tcumbers63@apache.org,Male,
221,Carmine,McClary,cmcclary64@pen.io,Genderfluid,
222,Arlen,Chrisp,achrisp65@hubpages.com,Female,
223,Renaldo,Baytrop,rbaytrop66@house.gov,Male,
224,Mag,Cunah,mcunah67@freewebs.com,Agender,K8H
225,Lexy,Criple,lcriple68@hp.com,Female,87041 CEDEX 1
226,Wildon,Eborall,weborall69@wikispaces.com,Male,
227,Nickie,Hawkwood,nhawkwood6a@jugem.jp,Male,
228,Cary,Eason,ceason6b@eepurl.com,Genderqueer,
229,Eldridge,Service,eservice6c@upenn.edu,Male,20101
230,Noll,FitzGibbon,nfitzgibbon6d@posterous.com,Male,3230
231,Modesty,Ivanenko,mivanenko6e@nba.com,Female,3607
232,Leon,Boote,lboote6f@netlog.com,Male,
233,Rodrique,Densey,rdensey6g@plala.or.jp,Bigender,
234,Bill,Scouse,bscouse6h@ebay.co.uk,Male,26-631
235,Millard,Lacy,mlacy6i@cisco.com,Male,46300-000
236,Dimitri,Joddins,djoddins6j@wisc.edu,Male,4960-349
237,Morganica,Jennings,mjennings6k@booking.com,Female,9614
238,Alexandrina,Cuffin,acuffin6l@hubpages.com,Female,67609 CEDEX
239,Ambur,Dillinton,adillinton6m@blogtalkradio.com,Female,593 01
240,Valene,Tucker,vtucker6n@theglobeandmail.com,Female,
241,Cordula,Fumagalli,cfumagalli6o@pagesperso-orange.fr,Female,
242,Maegan,O' Flaherty,moflaherty6p@tripadvisor.com,Female,115 32
243,Jeana,Wickey,jwickey6q@nytimes.com,Female,
244,Clarissa,Gooderson,cgooderson6r@chicagotribune.com,Female,
245,Horst,Filipyev,hfilipyev6s@parallels.com,Male,
246,Rafa,Batisse,rbatisse6t@usa.gov,Female,
247,Jasmin,Dyne,jdyne6u@icio.us,Bigender,651 01
248,Horatia,Monckton,hmonckton6v@mail.ru,Female,88300
249,Sutherland,Betke,sbetke6w@sciencedaily.com,Male,592 14
250,Nikolaus,Bouttell,nbouttell6x@wiley.com,Male,
251,Yoko,Nickerson,ynickerson6y@ucoz.ru,Female,
252,Peri,Melluish,pmelluish6z@google.nl,Female,T34
253,Yance,Lamyman,ylamyman70@blogs.com,Male,
254,Koralle,Bloy,kbloy71@npr.org,Female,
255,Eldridge,Duchesne,educhesne72@geocities.com,Male,21490
256,Laure,Atack,latack73@washington.edu,Female,433649
257,Chaunce,Archibould,carchibould74@answers.com,Male,48-120
258,Paulo,Kall,pkall75@booking.com,Male,26009 CEDEX
259,Glennis,Pawlik,gpawlik76@accuweather.com,Female,2200-706
260,Jeniffer,Clowsley,jclowsley77@macromedia.com,Female,
261,Stacia,Oley,soley78@nature.com,Female,62010 CEDEX
262,Gerik,Denekamp,gdenekamp79@imageshack.us,Male,
263,Candace,Braunroth,cbraunroth7a@deliciousdays.com,Female,
264,Gates,Ledwich,gledwich7b@1688.com,Female,
265,Alisander,Barczewski,abarczewski7c@msu.edu,Male,
266,Marnia,Canland,mcanland7d@ocn.ne.jp,Female,
267,Geoffrey,Hawse,ghawse7e@goo.ne.jp,Male,243240
268,Gabbie,Clitheroe,gclitheroe7f@npr.org,Female,40101
269,Ravi,Nornasell,rnornasell7g@google.ca,Male,75480 CEDEX 10
270,Ginger,Fogg,gfogg7h@answers.com,Male,
271,Esma,Dolan,edolan7i@upenn.edu,Female,
272,Rodolphe,Bangley,rbangley7j@earthlink.net,Male,5214
273,Ronda,Macek,rmacek7k@wired.com,Female,
274,Consuelo,Antonucci,cantonucci7l@chron.com,Female,
275,Tamarah,Shailer,tshailer7m@1und1.de,Female,
276,Janene,Hayden,jhayden7n@netlog.com,Female,
277,Roi,Vennart,rvennart7o@elegantthemes.com,Male,
278,Barrie,Axford,baxford7p@xinhuanet.com,Non-binary,
279,Ida,Mc Gaughey,imcgaughey7q@google.co.uk,Female,
280,Carlye,Hurdman,churdman7r@a8.net,Female,47239
281,Gerardo,Bennison,gbennison7s@oracle.com,Male,68385-000
282,Birgitta,Boutcher,bboutcher7t@wp.com,Female,
283,Elyssa,Rihosek,erihosek7u@ustream.tv,Female,81-198
284,Rochette,Painswick,rpainswick7v@g.co,Bigender,
285,Caspar,Hariot,chariot7w@furl.net,Male,147 42
286,Ramsay,McBrearty,rmcbrearty7x@redcross.org,Male,
287,Camille,Doylend,cdoylend7y@bloomberg.com,Female,671712
288,Shelley,Seath,sseath7z@unc.edu,Female,K4K
289,Nadeen,Mustard,nmustard80@cyberchimps.com,Female,6217
290,Nicoli,Ridding,nridding81@technorati.com,Female,3620-165
291,Linn,Drinkall,ldrinkall82@360.cn,Male,R32
292,Parnell,Raden,praden83@hugedomains.com,Polygender,
293,Cesaro,Tansley,ctansley84@exblog.jp,Genderqueer,
294,Arlena,Stewart,astewart85@baidu.com,Female,140722
295,Hallie,Woofinden,hwoofinden86@google.co.jp,Bigender,89204 CEDEX
296,Brittney,Luckwell,bluckwell87@irs.gov,Female,5140-058
297,Marietta,MacTrustrie,mmactrustrie88@ox.ac.uk,Male,
298,Bax,Marchenko,bmarchenko89@slate.com,Male,57300-000
299,Ines,Taplin,itaplin8a@bing.com,Female,
300,Reilly,Billes,rbilles8b@sohu.com,Male,
301,Merci,O'Nowlan,monowlan8c@privacy.gov.au,Agender,
302,Base,Cathersides,bcathersides8d@mozilla.org,Male,
303,Norine,Blazhevich,nblazhevich8e@delicious.com,Female,62-040
304,Crystal,Von Gladbach,cvongladbach8f@reuters.com,Female,356126
305,Ed,Sarle,esarle8g@ihg.com,Male,5815
306,Edik,Headey,eheadey8h@amazon.com,Male,
307,Vasily,Da Costa,vdacosta8i@yahoo.co.jp,Male,
308,Lorianne,Twatt,ltwatt8j@moonfruit.com,Female,
309,Jenelle,Caygill,jcaygill8k@telegraph.co.uk,Female,
310,Ahmad,Heyward,aheyward8l@about.me,Male,
311,Britt,Burhill,bburhill8m@ihg.com,Male,8722
312,Candy,Kenderdine,ckenderdine8n@mit.edu,Female,9406
313,Nicola,Grumble,ngrumble8o@hibu.com,Male,
314,Lil,Reilly,lreilly8p@1und1.de,Female,
315,Erasmus,Simoneton,esimoneton8q@tinyurl.com,Male,
316,Gustave,Chatin,gchatin8r@amazonaws.com,Male,44244 CEDEX
317,Rabbi,Sigge,rsigge8s@google.pl,Male,
318,Octavius,Brundell,obrundell8t@nyu.edu,Male,426-0224
319,Corey,Copyn,ccopyn8u@netscape.com,Male,793 76
320,Wade,Pitsall,wpitsall8v@symantec.com,Male,33355
321,Val,Kee,vkee8w@msu.edu,Male,78061 CEDEX
322,Norry,Simnor,nsimnor8x@google.com,Male,
323,Conn,Adao,cadao8y@pinterest.com,Male,747 20
324,Sidney,Shapera,sshapera8z@360.cn,Male,
325,Riki,Yearby,ryearby90@dagondesign.com,Genderfluid,
326,Cyndy,Du Barry,cdubarry91@netscape.com,Female,
327,Ericha,McWhinnie,emcwhinnie92@springer.com,Female,
328,Shawnee,Chate,schate93@yellowpages.com,Female,
329,Mayor,Belch,mbelch94@sourceforge.net,Male,
330,Bert,Proven,bproven95@nature.com,Male,
331,Curtis,Chillingworth,cchillingworth96@mediafire.com,Male,
332,Holly,Quemby,hquemby97@pbs.org,Male,
333,Ruddy,Bowller,rbowller98@icio.us,Male,
334,Abner,Beumant,abeumant99@cocolog-nifty.com,Male,67170
335,Keelia,Swindlehurst,kswindlehurst9a@seattletimes.com,Female,
336,Jamaal,Carbine,jcarbine9b@patch.com,Male,05-850
337,Sherlock,Rushforth,srushforth9c@ovh.net,Male,549 06
338,Stu,Klimshuk,sklimshuk9d@bloomberg.com,Male,
339,Isacco,Duddin,iduddin9e@parallels.com,Male,
340,Noelyn,Franzoli,nfranzoli9f@icq.com,Female,85423-000
341,Johnnie,Cartmer,jcartmer9g@latimes.com,Male,11704
342,Bendicty,Farrance,bfarrance9h@nytimes.com,Male,
343,Edd,Wittman,ewittman9i@nyu.edu,Male,30010
344,Renaud,Hardington,rhardington9j@google.co.uk,Male,3302
345,Sam,Habbert,shabbert9k@desdev.cn,Female,
346,Gherardo,Jimmes,gjimmes9l@cdc.gov,Male,
347,Ryann,Tiptaft,rtiptaft9m@jigsy.com,Female,4753
348,Joelle,Eidelman,jeidelman9n@cnet.com,Female,
349,Sissie,Veneur,sveneur9o@feedburner.com,Female,182520
350,Rourke,Sabbins,rsabbins9p@yahoo.com,Male,2695-584
351,Robyn,Burth,rburth9q@msu.edu,Female,21-404
352,Rock,Gurnett,rgurnett9r@fema.gov,Male,
353,Aguste,Petyankin,apetyankin9s@printfriendly.com,Male,
354,Deane,Bromet,dbromet9t@squidoo.com,Male,75464 CEDEX 10
355,Katerina,Hebson,khebson9u@hugedomains.com,Female,
356,Marge,Gurg,mgurg9v@spotify.com,Female,1637
357,Bessy,Linstead,blinstead9w@opera.com,Female,619320
358,Kevyn,Bartrap,kbartrap9x@thetimes.co.uk,Female,32505
359,Reinold,Ingram,ringram9y@ow.ly,Male,2390
360,Philippine,Revington,prevington9z@sina.com.cn,Female,601389
361,Rick,Seiller,rseillera0@opensource.org,Male,760508
362,Jonathan,Madgewick,jmadgewicka1@purevolume.com,Male,30270
363,Teri,Frenchum,tfrenchuma2@utexas.edu,Female,
364,Reina,Futcher,rfutchera3@networkadvertising.org,Female,188832
365,Preston,Rigglesford,prigglesforda4@marketwatch.com,Male,
366,Brant,Langmead,blangmeada5@earthlink.net,Male,678580
367,Trenna,Klaus,tklausa6@linkedin.com,Female,
368,Aurilia,Kinrade,akinradea7@dailymotion.com,Agender,
369,Engracia,Telega,etelegaa8@goo.ne.jp,Female,
370,Corbet,Di Maria,cdimariaa9@edublogs.org,Male,66105
371,Laurent,Dundin,ldundinaa@epa.gov,Male,
372,Mar,Kilmary,mkilmaryab@ovh.net,Male,11205
373,Scarlet,Shuttell,sshuttellac@typepad.com,Female,
374,Koressa,Kniveton,kknivetonad@foxnews.com,Female,76-002
375,Alwin,Bishell,abishellae@reddit.com,Male,465 96
376,Everard,Brimson,ebrimsonaf@cisco.com,Male,
377,Laurie,Searsby,lsearsbyag@cdbaby.com,Male,4415-928
378,Katerine,McClaren,kmcclarenah@tuttocitta.it,Female,30110
379,Griffie,McKerrow,gmckerrowai@usa.gov,Male,J7G
380,Pippo,Pavy,ppavyaj@mapquest.com,Polygender,4407
381,Nina,Shoulder,nshoulderak@wikispaces.com,Female,
382,Constantine,O'Flannery,coflanneryal@usda.gov,Female,
383,Juliann,Mc Caughan,jmccaughanam@ocn.ne.jp,Female,7413
384,Clarence,Moughton,cmoughtonan@youku.com,Male,8772
385,Gael,Duggen,gduggenao@timesonline.co.uk,Male,392999
386,Ives,McTear,imctearap@biglobe.ne.jp,Male,
387,Ferne,Hasty,fhastyaq@hexun.com,Female,
388,Nicolle,Batram,nbatramar@xrea.com,Female,34132
389,Ignazio,Clemas,iclemasas@vistaprint.com,Male,1114
390,Ardra,Cranstoun,acranstounat@gravatar.com,Genderqueer,528539
391,Shawna,Burtwistle,sburtwistleau@deliciousdays.com,Polygender,912-0004
392,Julianna,Joisce,jjoisceav@yale.edu,Genderfluid,986-0704
393,Hana,Congrave,hcongraveaw@forbes.com,Female,L1X
394,Toddy,Marle,tmarleax@blogtalkradio.com,Male,
395,Curt,Showers,cshowersay@tumblr.com,Male,5401
396,Amandie,Oswick,aoswickaz@devhub.com,Female,34400-000
397,Eveline,Tyres,etyresb0@wsj.com,Female,
398,Hendrik,Fotheringham,hfotheringhamb1@ehow.com,Male,8353
399,Claretta,Stockin,cstockinb2@123-reg.co.uk,Female,
400,Lisa,Gilkison,lgilkisonb3@nytimes.com,Female,664 42
401,Dewitt,Manion,dmanionb4@linkedin.com,Male,
402,Myrwyn,Corey,mcoreyb5@narod.ru,Agender,
403,Vilma,Rozzier,vrozzierb6@yellowpages.com,Female,1811
404,Emile,Handyside,ehandysideb7@ezinearticles.com,Male,11606
405,Kevin,Ahmad,kahmadb8@sciencedirect.com,Male,399778
406,Farra,Saiger,fsaigerb9@biglobe.ne.jp,Genderqueer,
407,Grenville,Woolner,gwoolnerba@elegantthemes.com,Male,39280-000
408,Burlie,Iuorio,biuoriobb@utexas.edu,Male,32100
409,Marketa,Tolworth,mtolworthbc@istockphoto.com,Female,1200
410,Shepard,Grantham,sgranthambd@harvard.edu,Male,93120
411,Englebert,Hallor,ehallorbe@nsw.gov.au,Male,662306
412,Christan,Linnell,clinnellbf@wordpress.com,Female,151427
413,Harry,Sarfatti,hsarfattibg@dedecms.com,Male,
414,Talya,Haberjam,thaberjambh@sfgate.com,Female,
415,Nadean,MacCulloch,nmaccullochbi@ow.ly,Female,94109 CEDEX
416,Drusie,Grzegorek,dgrzegorekbj@opensource.org,Female,
417,Beltran,Lexa,blexabk@dailymail.co.uk,Male,
418,Seana,Schankel,sschankelbl@ihg.com,Female,
419,Erhart,Methven,emethvenbm@diigo.com,Male,93604 CEDEX
420,Egan,Appleby,eapplebybn@answers.com,Male,
421,Eldridge,Haldenby,ehaldenbybo@auda.org.au,Male,
422,Shayna,Bickerdike,sbickerdikebp@delicious.com,Female,
423,Foster,Durdan,fdurdanbq@icio.us,Male,8011
424,Roger,Wolford,rwolfordbr@jimdo.com,Male,
425,Ignazio,Eltune,ieltunebs@cisco.com,Male,39-107
426,Giffy,Camoys,gcamoysbt@cnn.com,Male,798 47
427,Rochette,Scramage,rscramagebu@hibu.com,Female,22-304
428,Alden,Esposita,aespositabv@geocities.com,Male,12500
429,Svend,Brind,sbrindbw@chronoengine.com,Male,
430,Izzy,Denzilow,idenzilowbx@constantcontact.com,Male,4508
431,Saul,Tommasuzzi,stommasuzziby@china.com.cn,Polygender,
432,Taddeusz,Synder,tsynderbz@typepad.com,Male,
433,Elihu,Hamson,ehamsonc0@dell.com,Male,
434,Brett,Pllu,bplluc1@sphinn.com,Female,
435,Jesus,Brokenshire,jbrokenshirec2@upenn.edu,Male,301259
436,Elihu,Lotherington,elotheringtonc3@umn.edu,Male,
437,Kristen,Tavinor,ktavinorc4@nytimes.com,Female,
438,Celle,Whiteside,cwhitesidec5@state.gov,Female,
439,Kippy,Naish,knaishc6@buzzfeed.com,Female,751 82
440,Ancell,Calliss,acallissc7@1688.com,Male,11205
441,Sharon,Fern,sfernc8@psu.edu,Female,
442,Ogdon,Ucceli,ouccelic9@amazon.co.uk,Male,
443,Aldon,Maccrie,amaccrieca@buzzfeed.com,Male,
444,Wiley,Dickin,wdickincb@google.es,Male,03012
445,Rab,Dowe,rdowecc@360.cn,Male,
446,Benedetto,Shirley,bshirleycd@fema.gov,Male,8113
447,Prent,Skechley,pskechleyce@blogger.com,Male,
448,Binny,Seakes,bseakescf@angelfire.com,Female,T8S
449,Kerwinn,Corde,kcordecg@theatlantic.com,Male,385436
450,Neddie,Gillyatt,ngillyattch@google.com,Male,50913
451,Birch,Simononsky,bsimononskyci@sphinn.com,Male,
452,Winnie,Bothie,wbothiecj@prnewswire.com,Female,2156
453,Celeste,Haddeston,chaddestonck@wordpress.org,Female,
454,Rafa,Hargreves,rhargrevescl@wsj.com,Female,
455,Fiona,Robeson,frobesoncm@weather.com,Agender,
456,Hieronymus,Beneyto,hbeneytocn@webeden.co.uk,Male,75879 CEDEX 18
457,Otis,Bucksey,obuckseyco@t.co,Male,
458,Tiphani,Gantlett,tgantlettcp@miitbeian.gov.cn,Polygender,
459,Giralda,Guidone,gguidonecq@bing.com,Female,
460,Keane,Locks,klockscr@barnesandnoble.com,Male,98185
461,Curt,Southward,csouthwardcs@google.pl,Male,S9H
462,Natale,Tippett,ntippettct@scientificamerican.com,Male,3110
463,Keeley,Tabourin,ktabourincu@chron.com,Female,664 05
464,Christine,Kinny,ckinnycv@yale.edu,Polygender,
465,Darice,Billington,dbillingtoncw@ucoz.com,Female,
466,Kristofer,Stringer,kstringercx@tripod.com,Male,1114
467,Flore,Huws,fhuwscy@mysql.com,Female,348 15
468,Juliet,Schimaschke,jschimaschkecz@bandcamp.com,Female,
469,Vale,Hlavac,vhlavacd0@npr.org,Female,
470,Skippie,Braysher,sbraysherd1@quantcast.com,Male,N9A
471,Marjie,Spens,mspensd2@pcworld.com,Female,
472,Lynelle,Speake,lspeaked3@cocolog-nifty.com,Female,39-333
473,Tobin,Trytsman,ttrytsmand4@wordpress.org,Male,
474,Oneida,Balchin,obalchind5@joomla.org,Female,6808
475,Nicolas,Ottley,nottleyd6@cbc.ca,Male,
476,Nevil,Adamowitz,nadamowitzd7@examiner.com,Male,
477,Edythe,Speedy,espeedyd8@google.co.jp,Agender,571 01
478,Glynda,Cubbit,gcubbitd9@narod.ru,Female,7405
479,Julian,Sneesby,jsneesbyda@bloglovin.com,Male,
480,Vlad,Polino,vpolinodb@si.edu,Male,
481,Caren,Hendin,chendindc@umich.edu,Female,
482,Land,Eccleshall,leccleshalldd@123-reg.co.uk,Male,
483,Phyllis,McElane,pmcelanede@microsoft.com,Female,
484,Rosemarie,Rubanenko,rrubanenkodf@csmonitor.com,Female,
485,Feliks,Dumphy,fdumphydg@webeden.co.uk,Male,607614
486,Gustaf,Padefield,gpadefielddh@comsenz.com,Male,14225
487,Lennard,Stepto,lsteptodi@samsung.com,Male,672-8090
488,Aldous,Balaam,abalaamdj@hexun.com,Male,2604
489,Carmita,Lilleycrop,clilleycropdk@clickbank.net,Female,437-0026
490,Ruperto,Grassin,rgrassindl@cafepress.com,Male,
491,Gilberto,Brister,gbristerdm@who.int,Bigender,
492,Darci,Blooman,dbloomandn@unblog.fr,Female,22091 CEDEX 9
493,Griff,Goscomb,ggoscombdo@bizjournals.com,Polygender,71-899
494,Patti,Leatherbarrow,pleatherbarrowdp@auda.org.au,Female,
495,Claire,McClunaghan,cmcclunaghandq@guardian.co.uk,Male,
496,Theresa,Maggiori,tmaggioridr@cnbc.com,Female,
497,Salmon,Scampion,sscampionds@ning.com,Male,
498,Kimberlyn,Meric,kmericdt@phpbb.com,Female,
499,Rex,Streeten,rstreetendu@ifeng.com,Male,
500,Sergei,Lagadu,slagadudv@psu.edu,Male,
501,Hewett,Kringe,hkringedw@amazonaws.com,Male,
502,Farra,Ironmonger,fironmongerdx@tiny.cc,Female,65110
503,Chadwick,MacGorley,cmacgorleydy@symantec.com,Bigender,905-1413
504,Abram,Arthey,aartheydz@github.com,Male,
505,Burr,Elphinston,belphinstone0@cornell.edu,Male,
506,Annecorinne,Nizet,anizete1@smugmug.com,Female,
507,Rustin,Antunez,rantuneze2@mysql.com,Male,93094
508,Kayne,Bernardotti,kbernardottie3@addtoany.com,Male,
509,Lorenza,Bonn,lbonne4@europa.eu,Female,
510,August,Gritland,agritlande5@upenn.edu,Male,69281 CEDEX 01
511,Arlie,Giovannilli,agiovannillie6@time.com,Genderqueer,30175
512,Carmine,Stonman,cstonmane7@delicious.com,Male,
513,Cleveland,Ethelston,cethelstone8@diigo.com,Male,60315 CEDEX 5
514,Brianna,Grewes,bgrewese9@walmart.com,Female,622937
515,Grove,Stackbridge,gstackbridgeea@ibm.com,Male,
516,Yolanthe,Twinborough,ytwinborougheb@freewebs.com,Genderqueer,78975-000
517,Raff,Narbett,rnarbettec@auda.org.au,Male,9000
518,Byrom,Kencott,bkencotted@omniture.com,Male,C1B
519,Sherwood,Avey,saveyee@theguardian.com,Male,09220
520,Giulia,Annandale,gannandaleef@un.org,Female,
521,Kaine,Peaker,kpeakereg@wunderground.com,Male,46406
522,Lawrence,Andric,landriceh@mtv.com,Male,400 15
523,Simone,Earngy,searngyei@edublogs.org,Female,419-0125
524,Farlie,Hatherley,fhatherleyej@altervista.org,Male,
525,Quentin,Seagrave,qseagraveek@shop-pro.jp,Bigender,
526,Kahlil,Christoforou,kchristoforouel@icq.com,Male,
527,Berky,Hamerton,bhamertonem@addtoany.com,Male,
528,Marleen,Delleschi,mdelleschien@vinaora.com,Female,13937 CEDEX 20
529,Jeralee,McNeigh,jmcneigheo@narod.ru,Female,
530,Georgi,Llopis,gllopisep@army.mil,Male,92170
531,Karly,Oakland,koaklandeq@weather.com,Female,
532,Kent,Opdenorth,kopdenorther@creativecommons.org,Non-binary,
533,Cordie,Goodlad,cgoodlades@ask.com,Male,7005-724
534,Garry,Pelham,gpelhamet@weibo.com,Male,
535,Ofella,Rolph,orolpheu@spotify.com,Female,
536,Lonnard,Worthington,lworthingtonev@mail.ru,Male,54455
537,Roseanne,Mollon,rmollonew@home.pl,Non-binary,582 83
538,Jonathan,McInerney,jmcinerneyex@huffingtonpost.com,Male,73210
539,Ibbie,Bolley,ibolleyey@webeden.co.uk,Female,
540,Tadeo,Huzzay,thuzzayez@flickr.com,Male,152014
541,Nelson,Tice,nticef0@unesco.org,Male,85200-000
542,Renado,Duckfield,rduckfieldf1@ucla.edu,Male,
543,Meghan,MacKeever,mmackeeverf2@nsw.gov.au,Female,7019
544,Brendon,Gytesham,bgyteshamf3@telegraph.co.uk,Male,
545,Fonzie,Beaver,fbeaverf4@redcross.org,Agender,352 44
546,Robbie,Zanolli,rzanollif5@imageshack.us,Male,
547,Ernaline,Donett,edonettf6@diigo.com,Female,4430
548,Sid,Ibert,sibertf7@wikipedia.org,Agender,69-210
549,Artus,Weich,aweichf8@opera.com,Male,
550,Ive,Hriinchenko,ihriinchenkof9@eventbrite.com,Male,95445 CEDEX
551,Roobbie,Kernley,rkernleyfa@sciencedirect.com,Female,D04
552,Jermaine,Derisley,jderisleyfb@vk.com,Male,410-0871
553,Zondra,Brislan,zbrislanfc@time.com,Female,
554,Eustacia,Laux,elauxfd@ca.gov,Female,
555,Barny,Vidler,bvidlerfe@wikispaces.com,Male,
556,Muhammad,McLeese,mmcleeseff@yandex.ru,Male,03016
557,Loydie,Burlingham,lburlinghamfg@ovh.net,Male,57130
558,Dionne,Denisot,ddenisotfh@hostgator.com,Female,5924
559,Mersey,Durdle,mdurdlefi@google.com.au,Female,601107
560,Sidnee,Greenhaugh,sgreenhaughfj@disqus.com,Male,5203
561,Roanne,Phelip,rphelipfk@loc.gov,Female,
562,Roseanna,Gatheral,rgatheralfl@myspace.com,Bigender,
563,Jilleen,Tregale,jtregalefm@wsj.com,Female,
564,Jorey,Wenman,jwenmanfn@cmu.edu,Female,2840-137
565,Nehemiah,Antonelli,nantonellifo@ihg.com,Male,
566,Christiane,O'Halleghane,cohalleghanefp@phpbb.com,Bigender,
567,Brennan,Whebell,bwhebellfq@fema.gov,Genderfluid,1241
568,Alix,Beste,abestefr@nbcnews.com,Female,58117-000
569,Appolonia,Achromov,aachromovfs@so-net.ne.jp,Female,
570,Felicia,Ivantyev,fivantyevft@google.pl,Female,19725
571,Hardy,Tembey,htembeyfu@twitpic.com,Male,3300
572,Wenona,Tudball,wtudballfv@go.com,Female,
573,Timofei,Addicott,taddicottfw@deviantart.com,Male,
574,Sonya,Ballister,sballisterfx@nyu.edu,Female,
575,Merry,Domek,mdomekfy@mac.com,Male,85660-000
576,Rochester,Raynton,rrayntonfz@earthlink.net,Male,18763
577,Lucian,Edeler,ledelerg0@icq.com,Male,
578,Sawyer,Feeny,sfeenyg1@cnet.com,Male,78900
579,Meyer,Chapelhow,mchapelhowg2@vk.com,Male,491-0014
580,Alasteir,Sighart,asighartg3@newsvine.com,Male,4705-656
581,Dom,Ormston,dormstong4@stumbleupon.com,Male,
582,Briant,Slorach,bslorachg5@sciencedirect.com,Male,
583,Humfried,Pitney,hpitneyg6@buzzfeed.com,Male,
584,Sauncho,Robroe,srobroeg7@printfriendly.com,Male,
585,Bentlee,Arnao,barnaog8@ezinearticles.com,Male,5500
586,Appolonia,Robiou,arobioug9@unesco.org,Female,
587,Elton,Burry,eburryga@bravesites.com,Male,98-160
588,Rosa,Giddens,rgiddensgb@cdc.gov,Female,
589,Ilene,Hastie,ihastiegc@example.com,Female,161453
590,Waldon,Epperson,weppersongd@simplemachines.org,Male,6227
591,Gert,Battill,gbattillge@umn.edu,Female,
592,Leone,Sherringham,lsherringhamgf@prlog.org,Female,
593,Renate,Doyley,rdoyleygg@mediafire.com,Genderfluid,
594,Beret,Doneld,bdoneldgh@army.mil,Female,89110-000
595,Erek,Pflieger,epfliegergi@discovery.com,Male,92174 CEDEX
596,Lonni,Cannell,lcannellgj@wunderground.com,Female,93762
597,Worden,Westoll,wwestollgk@ovh.net,Male,
598,Tess,Donneely,tdonneelygl@springer.com,Female,
599,Talya,Bolver,tbolvergm@ft.com,Bigender,
600,Joletta,Abden,jabdengn@yandex.ru,Female,
601,Nadine,Sawl,nsawlgo@google.com,Female,4805-081
602,Roy,Lomas,rlomasgp@independent.co.uk,Male,680001
603,Mattias,Kopf,mkopfgq@ox.ac.uk,Male,2000-452
604,Halsey,Matts,hmattsgr@google.com.au,Male,4624
605,Corrine,Archley,carchleygs@soundcloud.com,Female,18104 CEDEX
606,Nester,Bangiard,nbangiardgt@google.de,Male,50470
607,Ruth,Jindrich,rjindrichgu@vistaprint.com,Female,
608,Symon,Imorts,simortsgv@istockphoto.com,Male,J7A
609,Allianora,Swindon,aswindongw@over-blog.com,Female,
610,Al,Walsh,awalshgx@miitbeian.gov.cn,Male,
611,Esra,Golds,egoldsgy@wordpress.com,Male,
612,Frayda,Fabbri,ffabbrigz@edublogs.org,Female,
613,Claudian,Purver,cpurverh0@tuttocitta.it,Male,
614,Estell,Kliemann,ekliemannh1@phoca.cz,Female,
615,Shanda,Labitt,slabitth2@ifeng.com,Female,3642
616,Rinaldo,Philbrick,rphilbrickh3@ehow.com,Male,
617,Loretta,Osanne,losanneh4@apache.org,Female,60105
618,Sela,Harcase,sharcaseh5@zdnet.com,Female,8718
619,Yancy,Ruperto,yrupertoh6@engadget.com,Male,
620,Hedi,Burnep,hburneph7@stumbleupon.com,Female,3300
621,Zaria,Orme,zormeh8@baidu.com,Female,
622,Ronda,Fliege,rfliegeh9@wix.com,Female,
623,Tiena,Shewen,tshewenha@army.mil,Female,
624,Ayn,Manssuer,amanssuerhb@ning.com,Female,
625,Marcus,Scougal,mscougalhc@berkeley.edu,Male,1414
626,Hermy,Duthy,hduthyhd@globo.com,Male,
627,Carmella,Gonnely,cgonnelyhe@privacy.gov.au,Female,
628,Rory,Porker,rporkerhf@stanford.edu,Female,684527
629,Tito,Venes,tveneshg@ihg.com,Male,3720-709
630,Ugo,Donhardt,udonhardthh@nih.gov,Male,286-0221
631,Wilfrid,Newbigging,wnewbigginghi@go.com,Male,
632,Cass,Yeiles,cyeileshj@cnbc.com,Male,4132
633,Caldwell,Bielfelt,cbielfelthk@diigo.com,Male,8508
634,Melanie,Briston,mbristonhl@narod.ru,Female,
635,Gerome,O'Grogane,gogroganehm@tuttocitta.it,Male,
636,Franni,Sheavills,fsheavillshn@earthlink.net,Female,
637,Derwin,Marriage,dmarriageho@discuz.net,Male,
638,Karena,Scutter,kscutterhp@netvibes.com,Female,187789
639,Rollin,Schoular,rschoularhq@eventbrite.com,Male,80-867
640,Jude,Prettyman,jprettymanhr@facebook.com,Male,
641,Rodolfo,Rawsthorne,rrawsthornehs@shinystat.com,Male,
642,Tomlin,Succamore,tsuccamoreht@goo.ne.jp,Male,
643,Ellene,Le Maitre,elemaitrehu@telegraph.co.uk,Female,618370
644,Hilarius,Learman,hlearmanhv@creativecommons.org,Male,
645,Audrey,Greatbatch,agreatbatchhw@zdnet.com,Female,184 70
646,Tedi,Hing,thinghx@multiply.com,Female,
647,Louisette,Letterese,lletteresehy@skype.com,Female,
648,Rafa,Willisch,rwillischhz@themeforest.net,Female,5760
649,Annabella,Fairbourne,afairbournei0@guardian.co.uk,Female,
650,Prinz,Giroldo,pgiroldoi1@prlog.org,Male,
651,Abbe,Kubyszek,akubyszeki2@ebay.co.uk,Male,9231
652,Rivy,Rosensaft,rrosensafti3@wordpress.org,Female,412008
653,Erasmus,Dikelin,edikelini4@amazon.co.jp,Male,43-243
654,Fancy,Motto,fmottoi5@shutterfly.com,Female,
655,Margarette,Marzello,mmarzelloi6@uol.com.br,Female,
656,Udell,Klimke,uklimkei7@blog.com,Male,
657,Ruth,Urien,rurieni8@ucla.edu,Female,
658,Johannah,Carah,jcarahi9@wisc.edu,Female,68092 CEDEX 2
659,Ellsworth,Fehner,efehneria@homestead.com,Male,
660,Vasilis,Leyton,vleytonib@usa.gov,Male,
661,Daron,Balassa,dbalassaic@narod.ru,Female,591 05
662,Grayce,Sabben,gsabbenid@wisc.edu,Polygender,
663,Eadmund,Valentin,evalentinie@auda.org.au,Male,
664,Caesar,Hart,chartif@timesonline.co.uk,Male,5100-724
665,Dierdre,Cavolini,dcavoliniig@jiathis.com,Female,
666,Amalia,Dolden,adoldenih@indiatimes.com,Female,
667,Catriona,Weale,cwealeii@usgs.gov,Female,453839
668,Rhett,Giocannoni,rgiocannoniij@shareasale.com,Male,
669,Kipp,Aspinal,kaspinalik@stumbleupon.com,Female,98-430
670,Loralie,Stennett,lstennettil@bbb.org,Female,411 31
671,Debbi,Bereford,dberefordim@ifeng.com,Female,
672,Addie,Cowterd,acowterdin@wikimedia.org,Male,25190
673,Naoma,Wrout,nwroutio@diigo.com,Female,72001
674,Ward,Buntain,wbuntainip@mashable.com,Male,8600
675,Hardy,Tombleson,htomblesoniq@hubpages.com,Genderfluid,
676,Evonne,Bubear,ebubearir@dagondesign.com,Female,E5A
677,Elvera,Suffe,esuffeis@telegraph.co.uk,Female,
678,Tanny,Dixcey,tdixceyit@123-reg.co.uk,Male,
679,Enrico,Carney,ecarneyiu@cpanel.net,Male,
680,Weber,Porcher,wporcheriv@surveymonkey.com,Male,6333
681,Ari,Noot,anootiw@hugedomains.com,Male,94804 CEDEX
682,Skelly,Boosey,sbooseyix@indiatimes.com,Male,397355
683,Silas,Meneo,smeneoiy@comcast.net,Male,13393 CEDEX 13
684,Sande,Woodgate,swoodgateiz@nasa.gov,Female,999-8521
685,Travis,Lynnett,tlynnettj0@paginegialle.it,Male,270-0164
686,Torrin,Jewett,tjewettj1@nydailynews.com,Male,5039
687,Weider,Thorsby,wthorsbyj2@nba.com,Male,4950-070
688,Dot,Zecchinelli,dzecchinellij3@storify.com,Female,
689,Bunni,Hoble,bhoblej4@msn.com,Female,188489
690,Dorian,Neilly,dneillyj5@ucoz.com,Female,
691,Quillan,Arangy,qarangyj6@eepurl.com,Male,352450
692,Faina,Culshaw,fculshawj7@tripadvisor.com,Female,
693,Correy,Storrie,cstorriej8@bbb.org,Female,606912
694,Florian,Gunby,fgunbyj9@typepad.com,Male,
695,Jemmy,Dilger,jdilgerja@google.pl,Female,
696,Everard,Rihanek,erihanekjb@un.org,Male,29201
697,Holly,Halley,hhalleyjc@webnode.com,Male,649-5313
698,Elwira,Inge,eingejd@epa.gov,Female,4730-710
699,Minette,Coughlin,mcoughlinje@cloudflare.com,Polygender,
700,Crysta,Monelle,cmonellejf@house.gov,Female,
701,Lucinda,McVicar,lmcvicarjg@apple.com,Female,
702,Hadleigh,Wem,hwemjh@senate.gov,Male,
703,Sioux,Redmell,sredmellji@princeton.edu,Female,2406
704,Renata,Whimp,rwhimpjj@state.gov,Female,
705,Merci,Rengger,mrenggerjk@nymag.com,Female,
706,Aindrea,Spaice,aspaicejl@unblog.fr,Female,55-093
707,Eugenie,Aleso,ealesojm@nasa.gov,Female,
708,Hermann,McCoish,hmccoishjn@oakley.com,Male,94952 CEDEX 9
709,Barde,Peak,bpeakjo@ed.gov,Male,
710,Lauri,Lethbury,llethburyjp@photobucket.com,Female,
711,Anna-maria,Darey,adareyjq@ed.gov,Female,20167
712,Barri,Doog,bdoogjr@blogger.com,Male,
713,Viviana,Philbin,vphilbinjs@virginia.edu,Female,
714,Turner,Farbrace,tfarbracejt@nih.gov,Polygender,
715,Bessie,Bole,bboleju@technorati.com,Female,
716,Kerwinn,Khalid,kkhalidjv@sina.com.cn,Agender,
717,Tory,Cully,tcullyjw@pcworld.com,Female,07-310
718,Paddie,Filasov,pfilasovjx@foxnews.com,Male,7407
719,Jaynell,Romke,jromkejy@soundcloud.com,Female,
720,Milty,Hurry,mhurryjz@symantec.com,Male,4990-565
721,Lani,Rowlands,lrowlandsk0@biglobe.ne.jp,Bigender,8336
722,Jozef,Tortis,jtortisk1@apple.com,Male,
723,Laural,Dilnot,ldilnotk2@hexun.com,Female,
724,Modestia,Traut,mtrautk3@163.com,Female,
725,Emanuele,Matous,ematousk4@acquirethisname.com,Male,27635
726,Peggi,Crippen,pcrippenk5@dot.gov,Female,33805
727,Erda,Pelcheur,epelcheurk6@rakuten.co.jp,Non-binary,13253 CEDEX 06
728,Fred,Sanson,fsansonk7@ocn.ne.jp,Female,V6L
729,Morgen,Boch,mbochk8@columbia.edu,Male,
730,Kendricks,Iacovone,kiacovonek9@cnet.com,Male,453187
731,Amalia,Eddowis,aeddowiska@adobe.com,Female,
732,Cordelia,Voce,cvocekb@apache.org,Female,MD-6227
733,Alberto,Whisson,awhissonkc@oracle.com,Male,
734,Sonnnie,MacRanald,smacranaldkd@cocolog-nifty.com,Female,
735,Berti,Ivan,bivanke@de.vu,Male,
736,Raven,Anyon,ranyonkf@answers.com,Agender,
737,Percy,Grigorushkin,pgrigorushkinkg@e-recht24.de,Non-binary,
738,Walt,Ugoni,wugonikh@deviantart.com,Male,
739,Wayland,Vasilkov,wvasilkovki@taobao.com,Non-binary,
740,Juan,Elland,jellandkj@google.pl,Genderqueer,140209
741,Dallas,Liversidge,dliversidgekk@xrea.com,Male,
742,Lemuel,Spurge,lspurgekl@ow.ly,Male,
743,Scot,Mougin,smouginkm@google.com.hk,Male,
744,Elisa,Bryce,ebrycekn@google.fr,Female,
745,Dayle,Tourot,dtourotko@cmu.edu,Female,
746,Romy,Jeram,rjeramkp@mac.com,Female,8000
747,Cherie,Giblett,cgiblettkq@free.fr,Female,
748,Verene,Birrel,vbirrelkr@dagondesign.com,Female,424 10
749,Bride,Mifflin,bmifflinks@cisco.com,Female,
750,Obediah,Taw,otawkt@sogou.com,Genderfluid,8411
751,Blanca,Stichall,bstichallku@comsenz.com,Female,
752,Andonis,Demangeot,ademangeotkv@blogs.com,Male,
753,Hunter,Vondruska,hvondruskakw@163.com,Male,
754,Gilles,O'Hagirtie,gohagirtiekx@gizmodo.com,Male,
755,Elvin,Stein,esteinky@abc.net.au,Male,17-306
756,Gawen,De la Eglise,gdelaeglisekz@deliciousdays.com,Male,IM4
757,Darline,Schall,dschalll0@latimes.com,Female,187409
758,Wilmar,Gorringe,wgorringel1@hubpages.com,Male,404480
759,Niven,Mainz,nmainzl2@youtube.com,Male,5127
760,Brigit,Spancock,bspancockl3@digg.com,Female,5250
761,Em,Idell,eidelll4@buzzfeed.com,Male,
762,Augusta,Maryan,amaryanl5@facebook.com,Female,L9T
763,Abie,Loxdale,aloxdalel6@salon.com,Polygender,
764,Mack,Verrill,mverrilll7@uol.com.br,Male,
765,Adella,Dabrowski,adabrowskil8@51.la,Female,3840-386
766,Adamo,McGuinley,amcguinleyl9@state.gov,Male,12437
767,Matilde,Jimmison,mjimmisonla@home.pl,Female,4508
768,Farrand,Breakspear,fbreakspearlb@wsj.com,Female,00100
769,Patrice,Birkby,pbirkbylc@360.cn,Male,412975
770,Burch,Gorden,bgordenld@shareasale.com,Male,97-217
771,Gordon,Kernes,gkernesle@feedburner.com,Male,
772,Clotilda,Camerati,ccameratilf@hp.com,Female,
773,Cathryn,Crangle,ccranglelg@netscape.com,Female,3700-755
774,Emma,Yarnley,eyarnleylh@nih.gov,Female,
775,Connor,Sporrij,csporrijli@purevolume.com,Male,241 32
776,Sidonia,Follin,sfollinlj@guardian.co.uk,Female,T1M
777,Karalynn,Colqueran,kcolqueranlk@digg.com,Female,
778,Kahaleel,Dolphin,kdolphinll@t.co,Male,18540-000
779,Dominique,O'Reilly,doreillylm@gravatar.com,Male,
780,Janine,Steger,jstegerln@shareasale.com,Female,
781,Halsy,Collibear,hcollibearlo@bloglines.com,Male,
782,Tova,Wallace,twallacelp@nytimes.com,Female,957 32
783,Coral,Worthing,cworthinglq@discovery.com,Female,055428
784,Crichton,Keller,ckellerlr@spotify.com,Male,
785,Blair,Shermore,bshermorels@arizona.edu,Agender,
786,Rubin,Peel,rpeellt@tiny.cc,Male,24120
787,Kyrstin,Dealy,kdealylu@google.de,Female,3201
788,Loy,Caldwell,lcaldwelllv@google.de,Male,
789,Nikaniki,Waterhous,nwaterhouslw@usda.gov,Female,216507
790,Rozanna,Sergeant,rsergeantlx@irs.gov,Female,4874
791,Rosette,Colquitt,rcolquittly@woothemes.com,Female,2835-496
792,Conny,Kullmann,ckullmannlz@chron.com,Female,356537
793,Melisse,Dorbin,mdorbinm0@booking.com,Female,62-850
794,Ardyth,Dunbabin,adunbabinm1@prlog.org,Female,35815
795,Angelle,Collen,acollenm2@plala.or.jp,Female,5684
796,Arlen,Crathorne,acrathornem3@upenn.edu,Agender,
797,Guillermo,Handscombe,ghandscombem4@xinhuanet.com,Male,
798,Gaston,Pickwell,gpickwellm5@example.com,Male,
799,Merry,Snarr,msnarrm6@deliciousdays.com,Agender,
800,Clementine,Alflat,calflatm7@shinystat.com,Female,1227
801,Karole,Consterdine,kconsterdinem8@dion.ne.jp,Female,
802,Sacha,Renault,srenaultm9@mtv.com,Female,
803,Riobard,Sugarman,rsugarmanma@columbia.edu,Bigender,
804,Francis,Leslie,flesliemb@w3.org,Male,181067
805,Monty,Bernardotti,mbernardottimc@berkeley.edu,Male,
806,Washington,Collingridge,wcollingridgemd@shop-pro.jp,Male,
807,Sherline,Diegan,sdieganme@weebly.com,Female,143 31
808,Jemimah,Sturm,jsturmmf@pcworld.com,Female,
809,Pat,Rodder,proddermg@github.com,Female,
810,Blake,Karchewski,bkarchewskimh@noaa.gov,Female,385123
811,Karole,Caughan,kcaughanmi@digg.com,Female,
812,Josiah,Vallerine,jvallerinemj@ihg.com,Male,891 30
813,Isak,Croutear,icroutearmk@dion.ne.jp,Male,
814,Eziechiele,Dockrell,edockrellml@rediff.com,Male,
815,Lizzie,Huckstepp,lhucksteppmm@altervista.org,Female,
816,Terence,Longthorne,tlongthornemn@nasa.gov,Male,8650-104
817,Mariellen,Krzyzowski,mkrzyzowskimo@answers.com,Female,
818,Pammi,Blenkinsop,pblenkinsopmp@sakura.ne.jp,Female,
819,Nikaniki,Mattheissen,nmattheissenmq@alexa.com,Female,
820,Shauna,Fibbens,sfibbensmr@taobao.com,Female,
821,Ingemar,Sturdey,isturdeyms@so-net.ne.jp,Male,09430
822,Elberta,Braganza,ebraganzamt@shinystat.com,Female,
823,Theresita,Cardinale,tcardinalemu@craigslist.org,Non-binary,
824,Silvana,Burnhams,sburnhamsmv@over-blog.com,Female,
825,Brendis,Burnhams,bburnhamsmw@jimdo.com,Male,664 31
826,Ruttger,Betchley,rbetchleymx@ibm.com,Male,
827,Reta,Sally,rsallymy@elegantthemes.com,Female,
828,Corinne,Mynett,cmynettmz@twitter.com,Female,S9V
829,Natka,Egel,negeln0@surveymonkey.com,Female,
830,Ansell,Vowells,avowellsn1@telegraph.co.uk,Male,
831,Rena,Goudge,rgoudgen2@icq.com,Female,
832,Esma,Conlon,econlonn3@cyberchimps.com,Female,
833,Nikolas,Danneil,ndanneiln4@shutterfly.com,Male,59550-000
834,Josias,Edis,jedisn5@behance.net,Male,53401
835,Samantha,Staddart,sstaddartn6@bbb.org,Female,
836,Lyndsie,Bertot,lbertotn7@nbcnews.com,Female,
837,Braden,Bengtsen,bbengtsenn8@springer.com,Male,
838,Lissa,Cuppleditch,lcuppleditchn9@disqus.com,Non-binary,
839,Norina,Wythe,nwythena@apple.com,Bigender,96110
840,Kimberly,Garrud,kgarrudnb@joomla.org,Female,85227
841,Retha,Mary,rmarync@blogtalkradio.com,Female,
842,Jeff,Garley,jgarleynd@trellian.com,Male,13281 CEDEX 06
843,Robinetta,Rosina,rrosinane@biglobe.ne.jp,Female,26-070
844,Sibbie,Espinel,sespinelnf@cnet.com,Female,96805
845,Oliy,di Rocca,odiroccang@google.co.uk,Female,2209
846,Dougie,Georgius,dgeorgiusnh@xinhuanet.com,Male,
847,Inessa,Neles,inelesni@mysql.com,Female,10250
848,Quill,Wyre,qwyrenj@rakuten.co.jp,Male,7900-374
849,Ruddy,Feild,rfeildnk@bizjournals.com,Male,9223
850,Derry,Goulter,dgoulternl@ucoz.ru,Male,
851,Garreth,Guidera,gguideranm@oracle.com,Male,5046
852,Orsola,Feaks,ofeaksnn@tinypic.com,Female,155048
853,Lambert,Gunningham,lgunninghamno@alexa.com,Male,
854,Kimmy,St. Paul,kstpaulnp@phoca.cz,Female,
855,Hugues,Partridge,hpartridgenq@fastcompany.com,Male,66999
856,Gifford,Flanders,gflandersnr@marketwatch.com,Non-binary,
857,Conroy,McLoughlin,cmcloughlinns@wikimedia.org,Male,
858,Erl,Rudwell,erudwellnt@miitbeian.gov.cn,Male,431 63
859,Courtnay,Sillick,csillicknu@unc.edu,Male,
860,Dalt,Sunner,dsunnernv@usatoday.com,Male,20006
861,Suki,Birrel,sbirrelnw@cbslocal.com,Female,
862,Gertrud,Klink,gklinknx@yahoo.com,Female,999-2222
863,Anabel,Goulston,agoulstonny@springer.com,Female,
864,Ingrid,Obey,iobeynz@yellowpages.com,Female,45404 CEDEX
865,Curran,Ellis,celliso0@china.com.cn,Male,
866,Sela,Egdell,segdello1@simplemachines.org,Female,
867,Brenden,Iacobetto,biacobettoo2@wix.com,Male,
868,Malorie,Jerke,mjerkeo3@hexun.com,Female,2845-005
869,Dareen,Hardaker,dhardakero4@github.io,Female,665302
870,Birk,Shimwall,bshimwallo5@wordpress.com,Male,4935-621
871,Honey,Dominy,hdominyo6@webnode.com,Female,
872,Tessa,Liddell,tliddello7@hexun.com,Female,14120
873,Annabela,Cuchey,acucheyo8@cargocollective.com,Female,665061
874,Judah,D'eye,jdeyeo9@marketwatch.com,Male,
875,Ramsay,McWhan,rmcwhanoa@skype.com,Male,1720
876,Marv,Lamberts,mlambertsob@taobao.com,Male,11130
877,Lucien,Coveny,lcovenyoc@nih.gov,Male,76-248
878,Reagen,Phoenix,rphoenixod@123-reg.co.uk,Male,
879,Nowell,Andreasen,nandreasenoe@jimdo.com,Genderqueer,87-510
880,Issie,Cruft,icruftof@artisteer.com,Female,
881,Orson,Armitt,oarmittog@utexas.edu,Male,
882,Lorant,Latchmore,llatchmoreoh@vk.com,Male,
883,Cornela,Weatherley,cweatherleyoi@disqus.com,Female,
884,Darlleen,Bernth,dbernthoj@amazon.de,Female,
885,Charlena,Havers,chaversok@sohu.com,Female,7004
886,Celia,Swalough,cswaloughol@creativecommons.org,Female,
887,Rafael,Kiddell,rkiddellom@ed.gov,Male,
888,Klaus,Djurdjevic,kdjurdjevicon@smh.com.au,Bigender,MD-5840
889,Barry,Aberdeen,baberdeenoo@salon.com,Genderqueer,
890,Greta,Rouge,grougeop@netvibes.com,Female,4508
891,Warden,McGrayle,wmcgrayleoq@wsj.com,Male,
892,Aindrea,Aime,aaimeor@youtube.com,Female,63131
893,Collen,Dinsey,cdinseyos@ucsd.edu,Female,
894,Audra,Erie,aerieot@free.fr,Female,
895,Hinda,Kapelhoff,hkapelhoffou@4shared.com,Female,175038
896,Jayne,Hall-Gough,jhallgoughov@huffingtonpost.com,Female,
897,Laural,Jan,ljanow@dailymotion.com,Female,30190
898,Loleta,Hunnaball,lhunnaballox@wix.com,Non-binary,
899,Kerry,Buggs,kbuggsoy@miibeian.gov.cn,Male,96330-000
900,Theresa,Peterken,tpeterkenoz@flickr.com,Female,
901,Kelly,Redhills,kredhillsp0@miitbeian.gov.cn,Male,74-505
902,Vassili,Essberger,vessbergerp1@1und1.de,Male,142450
903,Mischa,Bendix,mbendixp2@jimdo.com,Polygender,
904,Zorina,Hart,zhartp3@delicious.com,Female,
905,Karie,Alltimes,kalltimesp4@rediff.com,Female,4620-400
906,Nobie,Shotton,nshottonp5@oaic.gov.au,Male,
907,Free,McEnhill,fmcenhillp6@shutterfly.com,Male,
908,Jolyn,Abry,jabryp7@pinterest.com,Female,
909,Eda,Haster,ehasterp8@wix.com,Genderfluid,
910,Ermentrude,Morrott,emorrottp9@eventbrite.com,Female,19360-000
911,Bret,Janny,bjannypa@hexun.com,Male,
912,Raul,Guirardin,rguirardinpb@taobao.com,Male,
913,Alverta,Impson,aimpsonpc@twitter.com,Female,
914,Terrance,Le Surf,tlesurfpd@stumbleupon.com,Male,
915,Orel,Vankov,ovankovpe@sbwire.com,Female,
916,Belicia,McRuvie,bmcruviepf@mlb.com,Female,69-200
917,Joseito,Saunter,jsaunterpg@trellian.com,Male,
918,Pietra,Sandeford,psandefordph@go.com,Agender,242791
919,Harley,Castagnaro,hcastagnaropi@w3.org,Male,
920,Adams,Bampkin,abampkinpj@dmoz.org,Male,
921,Edna,McDonell,emcdonellpk@google.ca,Female,6332
922,Lorrayne,Olpin,lolpinpl@cmu.edu,Female,763-0231
923,Marie,Gladbeck,mgladbeckpm@theglobeandmail.com,Female,2209
924,Earl,Stinchcombe,estinchcombepn@mapquest.com,Non-binary,96970
925,Blair,Howsden,bhowsdenpo@mit.edu,Male,
926,Meredith,Dore,mdorepp@php.net,Female,533 13
927,Ainsley,Sales,asalespq@sphinn.com,Female,4500
928,Gavan,Buard,gbuardpr@mysql.com,Male,733529
929,Kip,Martino,kmartinops@rediff.com,Female,
930,Leanora,Revell,lrevellpt@edublogs.org,Agender,
931,Enriqueta,Bills,ebillspu@usnews.com,Female,140074
932,Jeannine,O'Gormley,jogormleypv@marriott.com,Female,38-450
933,Kellie,Count,kcountpw@buzzfeed.com,Female,
934,Lem,Bruggen,lbruggenpx@wunderground.com,Non-binary,
935,Robbert,Greenhaugh,rgreenhaughpy@usatoday.com,Male,
936,Gregorio,Karys,gkaryspz@bandcamp.com,Male,16880-000
937,Thomasina,Abate,tabateq0@bing.com,Female,76011
938,Conny,Barnwall,cbarnwallq1@gmpg.org,Genderfluid,
939,Hayley,Underhill,hunderhillq2@smh.com.au,Female,6818
940,Orelle,Franzke,ofranzkeq3@amazonaws.com,Female,
941,Roy,Bendig,rbendigq4@columbia.edu,Male,
942,Tersina,Knell,tknellq5@unesco.org,Female,11803
943,Griff,Twidle,gtwidleq6@wikipedia.org,Male,
944,Taylor,Bisco,tbiscoq7@arstechnica.com,Male,9406
945,Bridie,Delion,bdelionq8@dell.com,Female,
946,Tynan,Gransden,tgransdenq9@cbslocal.com,Male,
947,Anastassia,Jeromson,ajeromsonqa@pen.io,Genderfluid,
948,Dian,de Mendoza,ddemendozaqb@google.com.hk,Polygender,
949,Tamara,Sloley,tsloleyqc@forbes.com,Genderqueer,
950,Alfonse,Vereker,averekerqd@nature.com,Non-binary,
951,Twyla,Bruton,tbrutonqe@nps.gov,Female,7104
952,Georgina,Ollivier,gollivierqf@newyorker.com,Female,
953,Kristen,Pockey,kpockeyqg@1688.com,Female,88204 CEDEX
954,Beitris,Webley,bwebleyqh@time.com,Female,8160
955,Barny,Stivens,bstivensqi@japanpost.jp,Male,
956,Orelie,Toft,otoftqj@facebook.com,Female,
957,Tiffany,Masse,tmasseqk@smh.com.au,Female,10362
958,Darrel,Stawell,dstawellql@unicef.org,Male,59000-000
959,Mead,Sallery,msalleryqm@trellian.com,Genderfluid,
960,Garrek,Wykey,gwykeyqn@webeden.co.uk,Male,352840
961,Brunhilda,Hrachovec,bhrachovecqo@sun.com,Genderfluid,50935
962,Shirleen,Bertl,sbertlqp@stanford.edu,Female,5206
963,Tiphany,Estable,testableqq@pcworld.com,Female,
964,Clint,Gandey,cgandeyqr@nyu.edu,Male,
965,Daryl,Peeke,dpeekeqs@jiathis.com,Male,
966,Vergil,Switland,vswitlandqt@icio.us,Male,61110
967,Gardner,Houlison,ghoulisonqu@topsy.com,Male,
968,Tirrell,Mangenet,tmangenetqv@elpais.com,Male,
969,Coleen,Severns,csevernsqw@typepad.com,Female,
970,Micheil,Rowantree,mrowantreeqx@angelfire.com,Polygender,
971,Mallissa,Hawgood,mhawgoodqy@mozilla.org,Female,
972,Billie,Portinari,bportinariqz@google.com.br,Male,
973,Cleve,Kield,ckieldr0@usda.gov,Male,
974,Neron,Harrold,nharroldr1@vistaprint.com,Male,01061
975,Liliane,Spriggs,lspriggsr2@gmpg.org,Female,
976,Wernher,Finkle,wfinkler3@indiegogo.com,Male,4203
977,Kamila,Skone,kskoner4@paginegialle.it,Female,
978,Hilde,Force,hforcer5@ox.ac.uk,Female,
979,Lorne,Crake,lcraker6@i2i.jp,Female,6419
980,Delphine,Faucherand,dfaucherandr7@last.fm,Female,
981,Gilbertine,Mollen,gmollenr8@goodreads.com,Female,
982,Lanni,Kilgrew,lkilgrewr9@drupal.org,Female,
983,Fremont,D'Elias,fdeliasra@github.com,Male,658150
984,Barnebas,Pioli,bpiolirb@shop-pro.jp,Male,92974 CEDEX
985,Aarika,Bownas,abownasrc@php.net,Female,
986,Cosimo,Thoresbie,cthoresbierd@nhs.uk,Male,592 11
987,Mia,McGeachey,mmcgeacheyre@baidu.com,Female,6522
988,Andres,Ector,aectorrf@ca.gov,Male,
989,Ode,Markel,omarkelrg@ibm.com,Male,
990,Kaycee,Crafts,kcraftsrh@wikimedia.org,Polygender,
991,Jacki,Wytchard,jwytchardri@cbslocal.com,Female,243500
992,Drusi,Glasner,dglasnerrj@deviantart.com,Female,3090-748
993,Rriocard,Drever,rdreverrk@miitbeian.gov.cn,Male,754-0894
994,Tadio,Izard,tizardrl@nps.gov,Male,3961
995,Dorolisa,Rustidge,drustidgerm@eepurl.com,Female,
996,Wilhelmine,Maliphant,wmaliphantrn@senate.gov,Female,
997,Allistir,Golthorpp,agolthorppro@blogger.com,Male,
998,Daren,Le Friec,dlefriecrp@fotki.com,Male,5203
999,Rodina,Murrie,rmurrierq@sohu.com,Female,
1000,Fitzgerald,O'Bradain,fobradainrr@nationalgeographic.com,Male,11808
